country,geopolitical_risk,conflicts,is_strategic_minerals
Argentina,0.6268229166666667,0.5705729166666667,1
Australia,0.3190104166666667,,1
China,-0.5773437499999999,0.97265625,1
Chile,-1.2057291666666667,-0.3296875,1
